SimulationSecond,ReceiveRate,PacketsReceived,NumberOfSinks,RoutingProtocol,TransmissionPower,WavePktsSent,WavePtksReceived,WavePktsPpr,ExpectedWavePktsReceived,ExpectedWavePktsInCoverageReceived,BSM_PDR1,BSM_PDR2,BSM_PDR3,BSM_PDR4,BSM_PDR5,BSM_PDR6,BSM_PDR7,BSM_PDR8,BSM_PDR9,BSM_PDR10,MacPhyOverhead
0,0,0,10,protocol,7.5,0,0,0,0,0,0,0,0,0,0,0,0,0,0,0,0
1,0,0,10,protocol,7.5,0,0,0,0,0,0,0,0,0,0,0,0,0,0,0,1
2,0.512,1,10,protocol,7.5,20,50,2.5,0,0,0,0,0,0,0,0,0,0,0,0,0.717943
3,2.048,4,10,protocol,7.5,30,70,2.33333,0,0,0,0,0,0,0,0,0,0,0,0,0.620262
4,2.048,4,10,protocol,7.5,50,120,2.4,0,0,0,0,0,0,0,0,0,0,0,0,0.543767
5,2.048,4,10,protocol,7.5,60,136,2.26667,0,0,0,0,0,0,0,0,0,0,0,0,0.484994
6,2.048,4,10,protocol,7.5,70,170,2.42857,0,0,0,1,1,1,0.333333,0.25,0.25,0.25,0.25,0.25,0.44696
7,2.048,4,10,protocol,7.5,80,179,2.2375,0,0,0,1,1,1,0.333333,0.25,0.2,0.2,0.2,0.2,0.422865
8,2.048,4,10,protocol,7.5,100,255,2.55,0,0,0,1,1,1,0.333333,0.25,0.2,0.2,0.2,0.2,0.399086
9,2.048,4,10,protocol,7.5,120,340,2.83333,20,20,1,1,1,1,0.666667,0.5,0.444444,0.444444,0.444444,0.444444,0.379462
10,2.048,4,10,protocol,7.5,130,334,2.56923,20,20,1,1,0.8,0.634921,0.5,0.333333,0.266667,0.266667,0.266667,0.266667,0.364667
11,2.048,4,10,protocol,7.5,140,324,2.31429,20,20,1,0.975,0.906977,0.541667,0.453488,0.325,0.26,0.26,0.26,0.26,0.353063
12,2.048,4,10,protocol,7.5,160,329,2.05625,20,20,1,0.970588,0.9625,0.48125,0.405263,0.320833,0.236196,0.236196,0.236196,0.236196,0.343227
13,2.048,4,10,protocol,7.5,170,348,2.04706,40,40,1,1,0.99,0.55,0.4125,0.353571,0.260526,0.260526,0.260526,0.260526,0.341263
14,2.048,4,10,protocol,7.5,190,359,1.88947,40,40,1,1,0.96,0.369231,0.32,0.275862,0.212389,0.212389,0.212389,0.212389,0.33857
15,2.048,4,10,protocol,7.5,200,387,1.935,40,40,1,0.925,0.91,0.364,0.303333,0.236979,0.197826,0.197826,0.197826,0.197826,0.332049
16,1.536,3,10,protocol,7.5,210,408,1.94286,60,59,0.983333,0.973684,0.883333,0.368056,0.294444,0.230435,0.197026,0.197026,0.197026,0.197026,0.328716
17,2.048,4,10,protocol,7.5,230,398,1.73043,58,58,1,1,0.783333,0.309211,0.235,0.178707,0.13783,0.13783,0.13783,0.13783,0.323895
18,1.024,2,10,protocol,7.5,240,391,1.62917,40,40,1,1,0.512658,0.27,0.206633,0.15,0.109459,0.109459,0.109459,0.109459,0.321168
19,0,0,10,protocol,7.5,260,414,1.59231,60,60,1,1,0.53,0.301136,0.234513,0.171521,0.129268,0.129268,0.129268,0.129268,0.31573
20,0,0,10,protocol,7.5,270,431,1.5963,98,98,1,0.992424,0.681034,0.359091,0.281139,0.213514,0.172113,0.172113,0.172113,0.172113,0.310969
21,0,0,10,protocol,7.5,280,453,1.61786,60,60,1,0.976744,0.682171,0.382609,0.285714,0.219451,0.180698,0.180698,0.180698,0.180698,0.306796
22,0,0,10,protocol,7.5,300,476,1.58667,64,64,1,0.945455,0.787879,0.380952,0.280323,0.233184,0.181501,0.181501,0.181501,0.181501,0.303139
23,0,0,10,protocol,7.5,310,511,1.64839,96,96,1,0.973451,0.9,0.411972,0.317073,0.249467,0.19697,0.19697,0.19697,0.19697,0.300915
24,0,0,10,protocol,7.5,330,519,1.57273,78,78,1,0.976415,0.797251,0.398625,0.293671,0.219697,0.177642,0.177642,0.177642,0.177642,0.301259
25,0,0,10,protocol,7.5,340,540,1.58824,60,59,0.983333,0.956693,0.661692,0.4,0.287257,0.214516,0.190818,0.190818,0.190818,0.190818,0.300122
26,0,0,10,protocol,7.5,350,583,1.66571,56,54,0.964286,0.940397,0.635246,0.423497,0.304519,0.225291,0.199871,0.199871,0.199871,0.199871,0.297162
27,0,0,10,protocol,7.5,370,601,1.62432,94,89,0.946809,0.892442,0.659341,0.434783,0.321429,0.236842,0.201794,0.201794,0.201794,0.201794,0.294472
28,0,0,10,protocol,7.5,380,605,1.59211,124,121,0.975806,0.924051,0.652249,0.408009,0.320034,0.237705,0.197589,0.197589,0.197589,0.197589,0.292898
29,0,0,10,protocol,7.5,400,602,1.505,117,117,1,0.964286,0.627036,0.393661,0.318709,0.233051,0.184034,0.184034,0.184034,0.184034,0.290649
30,0,0,10,protocol,7.5,410,649,1.58293,162,158,0.975309,0.945652,0.655028,0.41578,0.343338,0.264673,0.206063,0.206063,0.206063,0.206063,0.288504
31,0,0,10,protocol,7.5,420,697,1.65952,160,158,0.9875,0.942029,0.664021,0.437282,0.348611,0.267306,0.211191,0.211191,0.211191,0.211191,0.286544
32,0,0,10,protocol,7.5,430,661,1.53721,138,130,0.942029,0.889952,0.592965,0.397306,0.302953,0.238746,0.191403,0.191403,0.191403,0.191403,0.28475
33,2.56,5,10,protocol,7.5,440,702,1.59545,124,122,0.983871,0.927136,0.635443,0.425064,0.31652,0.248024,0.204898,0.204898,0.204898,0.204898,0.285041
34,2.048,4,10,protocol,7.5,470,726,1.54468,178,173,0.97191,0.934091,0.63615,0.410295,0.30518,0.246588,0.209105,0.209105,0.209105,0.209105,0.285427
35,2.048,4,10,protocol,7.5,480,672,1.4,200,193,0.965,0.888889,0.578385,0.362351,0.281503,0.215106,0.180571,0.180571,0.180571,0.180571,0.285565
36,0,0,10,protocol,7.5,490,688,1.40408,200,198,0.99,0.908451,0.597674,0.375731,0.274866,0.211523,0.181113,0.181113,0.181113,0.181113,0.285078
37,0,0,10,protocol,7.5,510,781,1.53137,252,246,0.97619,0.929412,0.638655,0.425175,0.315516,0.242812,0.205962,0.205962,0.205962,0.205962,0.283773
38,0,0,10,protocol,7.5,520,822,1.58077,248,244,0.983871,0.936567,0.681283,0.438102,0.317231,0.247187,0.204823,0.204823,0.204823,0.204823,0.282833
39,0,0,10,protocol,7.5,540,893,1.6537,272,266,0.977941,0.94127,0.750518,0.476347,0.35297,0.283203,0.223627,0.223627,0.223627,0.223627,0.281525
40,0,0,10,protocol,7.5,550,924,1.68,260,257,0.988462,0.955696,0.822529,0.488636,0.358998,0.298842,0.235616,0.235616,0.235616,0.235616,0.280279
41,0,0,10,protocol,7.5,560,927,1.65536,314,310,0.987261,0.961207,0.795432,0.495975,0.360162,0.300676,0.232309,0.232309,0.232309,0.232309,0.279003
42,0,0,10,protocol,7.5,580,930,1.60345,340,333,0.979412,0.943243,0.697074,0.440696,0.330073,0.261459,0.203825,0.203825,0.203825,0.203825,0.277785
43,0,0,10,protocol,7.5,590,891,1.51017,324,314,0.969136,0.935484,0.632269,0.4044,0.313821,0.239901,0.188753,0.188753,0.188753,0.188753,0.276648
44,0,0,10,protocol,7.5,600,891,1.485,310,306,0.987097,0.946319,0.615147,0.389432,0.304514,0.235922,0.186811,0.186811,0.186811,0.186811,0.275953
45,0,0,10,protocol,7.5,620,825,1.33065,268,259,0.966418,0.895137,0.574926,0.356158,0.289395,0.212445,0.165351,0.165351,0.165351,0.165351,0.27616
46,0,0,10,protocol,7.5,630,828,1.31429,270,264,0.977778,0.903533,0.536173,0.3598,0.283012,0.20209,0.161409,0.161409,0.161409,0.161409,0.276163
47,0,0,10,protocol,7.5,640,842,1.31563,262,250,0.954198,0.860465,0.548892,0.357082,0.272052,0.195677,0.156215,0.156215,0.156215,0.156215,0.275363
48,0,0,10,protocol,7.5,640,913,1.42656,226,223,0.986726,0.91199,0.593628,0.396267,0.29188,0.20717,0.166272,0.166272,0.166272,0.166272,0.274458
49,0,0,10,protocol,7.5,640,901,1.40781,270,263,0.974074,0.859375,0.598274,0.391059,0.275031,0.196897,0.16052,0.16052,0.16052,0.16052,0.274256
50,0,0,10,protocol,7.5,640,924,1.44375,296,291,0.983108,0.8775,0.622642,0.398964,0.271127,0.201176,0.160055,0.160055,0.160055,0.160055,0.273628
51,0,0,10,protocol,7.5,640,906,1.41562,296,289,0.976351,0.903822,0.597625,0.379079,0.255211,0.199033,0.155217,0.155217,0.155217,0.155217,0.272854
52,0,0,10,protocol,7.5,640,958,1.49687,292,287,0.982877,0.918794,0.650815,0.379707,0.266927,0.209079,0.159667,0.159667,0.159667,0.159667,0.272132
53,0,0,10,protocol,7.5,640,943,1.47344,366,354,0.967213,0.929471,0.601403,0.354245,0.258073,0.206617,0.151754,0.151754,0.151754,0.151754,0.271457
54,0,0,10,protocol,7.5,640,948,1.48125,444,435,0.97973,0.924933,0.534989,0.356928,0.258734,0.205818,0.152928,0.152928,0.152928,0.152928,0.270846
55,0,0,10,protocol,7.5,640,946,1.47812,418,399,0.954545,0.872727,0.507511,0.337616,0.259249,0.201706,0.155951,0.155951,0.155951,0.155951,0.270605
56,3.072,6,10,protocol,7.5,640,1090,1.70312,380,370,0.973684,0.901826,0.557545,0.37821,0.302274,0.232757,0.180703,0.180703,0.180703,0.180703,0.270782
57,4.608,9,10,protocol,7.5,640,1140,1.78125,418,398,0.952153,0.86753,0.561024,0.389744,0.3125,0.244111,0.187069,0.187069,0.187069,0.187069,0.270785
58,3.584,7,10,protocol,7.5,640,1235,1.92969,428,413,0.964953,0.863556,0.608974,0.41332,0.332079,0.260164,0.200748,0.200748,0.200748,0.200748,0.270784
59,3.584,7,10,protocol,7.5,640,1244,1.94375,485,459,0.946392,0.880734,0.601838,0.409076,0.327024,0.265812,0.201164,0.201164,0.201164,0.201164,0.270871
60,3.584,7,10,protocol,7.5,640,1302,2.03437,539,526,0.975881,0.899502,0.610981,0.404222,0.338886,0.271363,0.210136,0.210136,0.210136,0.210136,0.270902
61,4.096,8,10,protocol,7.5,640,1324,2.06875,522,514,0.984674,0.877726,0.641162,0.416877,0.34071,0.270923,0.210259,0.210259,0.210259,0.210259,0.270589
62,4.096,8,10,protocol,7.5,640,1277,1.99531,558,540,0.967742,0.848195,0.592026,0.412201,0.319011,0.253072,0.20257,0.20257,0.20257,0.20257,0.270283
63,4.096,8,10,protocol,7.5,640,1384,2.1625,642,619,0.964174,0.889908,0.642227,0.461795,0.342829,0.26713,0.218365,0.218365,0.218365,0.218365,0.27
64,2.56,5,10,protocol,7.5,640,1449,2.26406,780,763,0.978205,0.896965,0.683491,0.487879,0.361347,0.273551,0.225983,0.225983,0.225983,0.225983,0.269831
65,2.048,4,10,protocol,7.5,640,1470,2.29688,798,773,0.968672,0.890392,0.688202,0.474347,0.371212,0.274561,0.227872,0.227872,0.227872,0.227872,0.269702
66,2.048,4,10,protocol,7.5,640,1473,2.30156,836,813,0.972488,0.898396,0.674451,0.45351,0.358569,0.273792,0.227455,0.227455,0.227455,0.227455,0.26977
67,2.048,4,10,protocol,7.5,640,1500,2.34375,872,851,0.975917,0.915541,0.668151,0.465839,0.355282,0.29036,0.226689,0.226689,0.226689,0.226689,0.269673
68,2.048,4,10,protocol,7.5,640,1539,2.40469,892,868,0.973094,0.908322,0.640183,0.458445,0.354282,0.298951,0.228406,0.228406,0.228406,0.228406,0.269328
69,2.048,4,10,protocol,7.5,640,1540,2.40625,844,807,0.956161,0.875164,0.643275,0.453074,0.349841,0.284763,0.229133,0.229133,0.229133,0.229133,0.268993
70,2.048,4,10,protocol,7.5,640,1657,2.58906,780,761,0.975641,0.872367,0.670579,0.485212,0.37303,0.299043,0.247203,0.247203,0.247203,0.247203,0.268751
71,2.048,4,10,protocol,7.5,640,1676,2.61875,787,768,0.975858,0.879694,0.645112,0.494979,0.37369,0.297269,0.248591,0.248591,0.248591,0.248591,0.268443
72,2.048,4,10,protocol,7.5,640,1720,2.6875,880,838,0.952273,0.876771,0.639405,0.516982,0.379105,0.300279,0.2535,0.2535,0.2535,0.2535,0.268146
73,2.048,4,10,protocol,7.5,640,1861,2.90781,1003,983,0.98006,0.923294,0.732677,0.545268,0.411726,0.331847,0.26932,0.26932,0.26932,0.26932,0.267868
74,2.048,4,10,protocol,7.5,640,1880,2.9375,1163,1156,0.993981,0.946888,0.75837,0.527497,0.414828,0.336375,0.26678,0.26678,0.26678,0.26678,0.267795
75,2.048,4,10,protocol,7.5,640,1870,2.92188,1346,1284,0.953938,0.920213,0.729899,0.531703,0.412439,0.329806,0.25983,0.25983,0.25983,0.25983,0.267654
76,2.048,4,10,protocol,7.5,640,1974,3.08438,1354,1302,0.961595,0.921185,0.755164,0.580759,0.44171,0.345891,0.274816,0.274816,0.274816,0.274816,0.267665
77,2.048,4,10,protocol,7.5,640,2091,3.26719,1255,1212,0.965737,0.928707,0.77045,0.61194,0.470628,0.358539,0.286203,0.286203,0.286203,0.286203,0.267552
78,2.048,4,10,protocol,7.5,640,2159,3.37344,1178,1148,0.974533,0.935272,0.766418,0.636873,0.491576,0.362066,0.293662,0.293662,0.293662,0.293662,0.267308
79,2.048,4,10,protocol,7.5,640,2101,3.28281,1139,1082,0.949956,0.90652,0.721497,0.604604,0.472772,0.348945,0.285811,0.285811,0.285811,0.285811,0.267339
80,0.512,1,10,protocol,7.5,640,2051,3.20469,1059,988,0.932956,0.87027,0.697145,0.570673,0.455171,0.343091,0.27216,0.27216,0.27216,0.27216,0.267488
81,0,0,10,protocol,7.5,640,2116,3.30625,1186,1135,0.956998,0.899753,0.699273,0.570658,0.457217,0.35432,0.279377,0.279377,0.279377,0.279377,0.267538
82,0,0,10,protocol,7.5,640,1941,3.03281,1242,1148,0.924316,0.870935,0.623314,0.530908,0.409235,0.32035,0.259111,0.259111,0.259111,0.259111,0.267562
83,0,0,10,protocol,7.5,640,2027,3.16719,1296,1227,0.946759,0.901831,0.670304,0.528277,0.419495,0.332622,0.267238,0.267238,0.267238,0.267238,0.267694
84,0,0,10,protocol,7.5,640,2022,3.15937,1447,1345,0.929509,0.88,0.684959,0.501239,0.40956,0.33284,0.264521,0.264521,0.264521,0.264521,0.267704
85,0,0,10,protocol,7.5,640,2089,3.26406,1394,1289,0.924677,0.877363,0.718116,0.513268,0.414731,0.335744,0.274003,0.274003,0.274003,0.274003,0.267753
86,0,0,10,protocol,7.5,640,2153,3.36406,1322,1256,0.950076,0.8899,0.680038,0.531868,0.419852,0.341096,0.282806,0.282806,0.282806,0.282806,0.267814
87,0,0,10,protocol,7.5,640,2206,3.44687,1273,1198,0.941084,0.851109,0.688085,0.562181,0.431449,0.350048,0.292884,0.292884,0.292884,0.292884,0.267975
88,0,0,10,protocol,7.5,640,2400,3.75,1243,1191,0.958166,0.854183,0.743494,0.590406,0.470496,0.379867,0.31348,0.31348,0.31348,0.31348,0.268103
89,0,0,10,protocol,7.5,640,2563,4.00469,1236,1183,0.95712,0.880586,0.776667,0.63097,0.516734,0.398414,0.334333,0.334333,0.334333,0.334333,0.268115
90,0,0,10,protocol,7.5,640,2431,3.79844,1339,1239,0.925317,0.837313,0.72828,0.610958,0.491111,0.379844,0.315755,0.315755,0.315755,0.315755,0.268203
91,0,0,10,protocol,7.5,640,2611,4.07969,1472,1400,0.951087,0.903024,0.75747,0.641208,0.524192,0.414774,0.335863,0.335863,0.335863,0.335863,0.268306
92,0,0,10,protocol,7.5,640,2655,4.14844,1550,1440,0.929032,0.899005,0.773827,0.6463,0.532064,0.434818,0.340297,0.340297,0.340297,0.340297,0.268306
93,0,0,10,protocol,7.5,640,2644,4.13125,1547,1439,0.930187,0.887837,0.770845,0.627432,0.53103,0.431603,0.345395,0.345395,0.345395,0.345395,0.268306
94,0,0,10,protocol,7.5,640,2690,4.20312,1508,1430,0.948276,0.896294,0.772545,0.640476,0.544865,0.434994,0.360348,0.360348,0.360348,0.360348,0.268306
95,0,0,10,protocol,7.5,640,2707,4.22969,1412,1323,0.936969,0.890614,0.773871,0.653234,0.544997,0.446258,0.360885,0.360885,0.360885,0.360885,0.268305
96,0,0,10,protocol,7.5,640,2647,4.13594,1435,1327,0.924739,0.879032,0.746475,0.629189,0.5311,0.438608,0.352557,0.352557,0.352557,0.352557,0.268315
97,0,0,10,protocol,7.5,640,2591,4.04844,1506,1425,0.946215,0.906825,0.727809,0.622238,0.537106,0.426432,0.341325,0.341325,0.341325,0.341325,0.268443
98,0,0,10,protocol,7.5,640,2514,3.92813,1598,1502,0.939925,0.897736,0.743787,0.606075,0.519744,0.412672,0.328842,0.328842,0.328842,0.328842,0.268556
99,0,0,10,protocol,7.5,640,2555,3.99219,1578,1521,0.963878,0.938636,0.803459,0.624084,0.514706,0.420784,0.332379,0.332379,0.332379,0.332379,0.268586
100,0,0,10,protocol,7.5,640,2597,4.05781,1662,1615,0.971721,0.948411,0.850917,0.65897,0.534802,0.420227,0.337448,0.337448,0.337448,0.337448,0.268656
101,0,0,10,protocol,7.5,640,2604,4.06875,1802,1724,0.956715,0.929978,0.871486,0.669409,0.532298,0.418717,0.347154,0.347154,0.347154,0.347154,0.268724
102,0,0,10,protocol,7.5,640,2588,4.04375,1812,1647,0.90894,0.89628,0.878181,0.680873,0.519679,0.424819,0.345804,0.345804,0.345804,0.345804,0.268722
103,0,0,10,protocol,7.5,640,2590,4.04688,1786,1626,0.910414,0.890537,0.846682,0.697737,0.518207,0.430733,0.34205,0.34205,0.34205,0.34205,0.268716
104,0,0,10,protocol,7.5,640,2606,4.07188,1656,1524,0.92029,0.890845,0.793786,0.670958,0.53843,0.440948,0.348675,0.348675,0.348675,0.348675,0.268713
105,0,0,10,protocol,7.5,640,2739,4.27969,1581,1493,0.944339,0.910978,0.817124,0.682362,0.582394,0.462982,0.365883,0.365883,0.365883,0.365883,0.268708
106,0,0,10,protocol,7.5,640,2869,4.48281,1586,1523,0.960277,0.931083,0.808853,0.699074,0.615137,0.492279,0.385308,0.385308,0.385308,0.385308,0.268703
107,0,0,10,protocol,7.5,640,2859,4.46719,1610,1488,0.924224,0.898734,0.784577,0.696637,0.610636,0.492083,0.384636,0.384636,0.384636,0.384636,0.268733
108,0,0,10,protocol,7.5,640,2899,4.52969,1650,1537,0.931515,0.894369,0.777212,0.699566,0.626811,0.508596,0.393031,0.393031,0.393031,0.393031,0.268912
109,0,0,10,protocol,7.5,640,3008,4.7,1681,1594,0.948245,0.908916,0.822757,0.713811,0.652212,0.537911,0.411604,0.411604,0.411604,0.411604,0.268986
110,0,0,10,protocol,7.5,640,3024,4.725,1718,1623,0.944703,0.918601,0.823754,0.709193,0.634494,0.542324,0.420701,0.420701,0.420701,0.420701,0.269031
111,0,0,10,protocol,7.5,640,2914,4.55312,1726,1621,0.939166,0.893411,0.787355,0.694968,0.606704,0.521661,0.409845,0.409845,0.409845,0.409845,0.269079
112,0,0,10,protocol,7.5,640,3029,4.73281,1744,1658,0.950688,0.920917,0.819535,0.711701,0.62973,0.538489,0.42674,0.42674,0.42674,0.42674,0.26915
113,2.048,4,10,protocol,7.5,640,3062,4.78437,1732,1653,0.954388,0.915964,0.828015,0.712093,0.648729,0.540035,0.418878,0.418878,0.418878,0.418878,0.26928
114,2.048,4,10,protocol,7.5,640,2819,4.40469,1736,1609,0.926843,0.872829,0.760453,0.652093,0.604417,0.491629,0.383955,0.383955,0.383955,0.383955,0.26932
115,2.048,4,10,protocol,7.5,640,2632,4.1125,1701,1508,0.886537,0.825475,0.702054,0.604779,0.558337,0.4575,0.359759,0.359759,0.359759,0.359759,0.269362
116,2.048,4,10,protocol,7.5,640,2767,4.32344,1646,1530,0.929526,0.861569,0.755186,0.648465,0.569576,0.47494,0.380972,0.380972,0.380972,0.380972,0.269401
117,2.048,4,10,protocol,7.5,640,2816,4.4,1638,1522,0.929182,0.879032,0.777901,0.661654,0.558176,0.476319,0.391873,0.391873,0.391873,0.391873,0.269446
118,2.048,4,10,protocol,7.5,640,2757,4.30781,1661,1503,0.904877,0.8738,0.779695,0.659569,0.545616,0.459041,0.387927,0.387927,0.387927,0.387927,0.269548
119,2.048,4,10,protocol,7.5,640,2900,4.53125,1622,1550,0.95561,0.925726,0.834532,0.678204,0.567293,0.480451,0.408106,0.408106,0.408106,0.408106,0.269627
120,2.048,4,10,protocol,7.5,640,2853,4.45781,1573,1511,0.960585,0.928843,0.822902,0.662103,0.561835,0.482415,0.398575,0.398575,0.398575,0.398575,0.269665
121,2.048,4,10,protocol,7.5,640,2715,4.24219,1544,1500,0.971503,0.906406,0.757745,0.629055,0.549484,0.462128,0.377083,0.377083,0.377083,0.377083,0.269773
122,2.048,4,10,protocol,7.5,640,2713,4.23906,1550,1507,0.972258,0.913525,0.727736,0.631371,0.55892,0.464237,0.379334,0.379334,0.379334,0.379334,0.26985
123,2.048,4,10,protocol,7.5,640,2713,4.23906,1582,1477,0.933628,0.887267,0.738834,0.637303,0.571519,0.476466,0.380718,0.380718,0.380718,0.380718,0.269861
124,2.048,4,10,protocol,7.5,640,2815,4.39844,1643,1566,0.953135,0.903866,0.78151,0.662977,0.602526,0.5043,0.396591,0.396591,0.396591,0.396591,0.269868
125,2.048,4,10,protocol,7.5,640,2896,4.525,1713,1601,0.934618,0.905388,0.825071,0.680451,0.630113,0.527601,0.414247,0.414247,0.414247,0.414247,0.269917
126,2.048,4,10,protocol,7.5,640,3099,4.84219,1751,1714,0.978869,0.950673,0.900872,0.731932,0.666308,0.584717,0.458839,0.458839,0.458839,0.458839,0.269924
127,2.048,4,10,protocol,7.5,640,2997,4.68281,1772,1648,0.930023,0.908599,0.862694,0.724964,0.638203,0.57304,0.451084,0.451084,0.451084,0.451084,0.269931
128,2.048,4,10,protocol,7.5,640,3085,4.82031,1774,1675,0.944194,0.92662,0.882437,0.756869,0.656383,0.584945,0.478517,0.478517,0.478517,0.478517,0.269969
129,2.048,4,10,protocol,7.5,640,3089,4.82656,1780,1653,0.928652,0.918936,0.877557,0.76879,0.67771,0.583491,0.485082,0.485082,0.485082,0.485082,0.270066
130,2.048,4,10,protocol,7.5,640,3159,4.93594,1770,1690,0.954802,0.939529,0.899487,0.792524,0.704505,0.601944,0.497637,0.497637,0.497637,0.497637,0.270125
131,2.048,4,10,protocol,7.5,640,3129,4.88906,1760,1660,0.943182,0.934395,0.8859,0.784014,0.708881,0.612329,0.495252,0.495252,0.495252,0.495252,0.27017
132,2.048,4,10,protocol,7.5,640,3176,4.9625,1774,1706,0.961669,0.945192,0.895152,0.802425,0.736891,0.634692,0.509301,0.509301,0.509301,0.509301,0.270224
133,4.608,9,10,protocol,7.5,640,3021,4.72031,1772,1607,0.906885,0.892494,0.857751,0.776208,0.705511,0.614774,0.490342,0.490342,0.490342,0.490342,0.27034
134,4.096,8,10,protocol,7.5,640,3208,5.0125,1764,1689,0.957483,0.949937,0.916571,0.839791,0.752698,0.670148,0.521541,0.521541,0.521541,0.521541,0.270363
135,4.096,8,10,protocol,7.5,640,3179,4.96719,1738,1651,0.949942,0.943082,0.906731,0.834821,0.745195,0.667016,0.517247,0.517247,0.517247,0.517247,0.270386
136,4.096,8,10,protocol,7.5,640,3150,4.92188,1772,1684,0.950339,0.939308,0.895904,0.836431,0.75,0.664557,0.519802,0.519802,0.519802,0.519802,0.27052
137,4.096,8,10,protocol,7.5,640,3051,4.76719,1802,1672,0.927858,0.906074,0.864796,0.813166,0.753892,0.637484,0.501727,0.501727,0.501727,0.501727,0.270546
138,4.096,8,10,protocol,7.5,640,3079,4.81094,1826,1675,0.917306,0.909826,0.881225,0.825027,0.770906,0.640658,0.499838,0.499838,0.499838,0.499838,0.27057
139,4.096,8,10,protocol,7.5,640,3095,4.83594,1816,1680,0.92511,0.912352,0.884286,0.833333,0.78058,0.651031,0.504565,0.504565,0.504565,0.504565,0.27066
140,4.096,8,10,protocol,7.5,640,3144,4.9125,1804,1706,0.945676,0.929499,0.898286,0.846527,0.787575,0.668083,0.511719,0.511719,0.511719,0.511719,0.27074
141,4.096,8,10,protocol,7.5,640,3131,4.89219,1848,1710,0.925325,0.915432,0.894571,0.835602,0.777309,0.670306,0.520273,0.520273,0.520273,0.520273,0.270804
142,4.096,8,10,protocol,7.5,640,3205,5.00781,1842,1747,0.948426,0.935802,0.914669,0.842091,0.79214,0.687768,0.541751,0.541751,0.541751,0.541751,0.270859
143,4.096,8,10,protocol,7.5,640,3214,5.02187,1808,1721,0.951881,0.941953,0.920917,0.840042,0.788905,0.68734,0.536024,0.536024,0.536024,0.536024,0.270924
144,4.096,8,10,protocol,7.5,640,3140,4.90625,1698,1594,0.938751,0.918519,0.888512,0.818134,0.765854,0.681719,0.519008,0.519008,0.519008,0.519008,0.270942
145,4.096,8,10,protocol,7.5,640,3241,5.06406,1644,1576,0.958637,0.950717,0.911417,0.84445,0.790488,0.698943,0.532271,0.532271,0.532271,0.532271,0.270958
146,4.096,8,10,protocol,7.5,640,3163,4.94219,1617,1513,0.935683,0.921187,0.884508,0.82628,0.769961,0.656769,0.520573,0.520573,0.520573,0.520573,0.271009
147,4.096,8,10,protocol,7.5,640,2931,4.57969,1624,1497,0.921798,0.896182,0.811462,0.763083,0.713833,0.600615,0.480965,0.480965,0.480965,0.480965,0.271024
148,4.096,8,10,protocol,7.5,640,2922,4.56562,1660,1568,0.944578,0.932169,0.827059,0.760938,0.698208,0.592097,0.479331,0.479331,0.479331,0.479331,0.271277
149,4.096,8,10,protocol,7.5,640,2956,4.61875,1699,1636,0.962919,0.938168,0.889825,0.768591,0.680792,0.595488,0.486985,0.486985,0.486985,0.486985,0.271352
150,4.096,8,10,protocol,7.5,640,2959,4.62344,1686,1590,0.94306,0.937542,0.915532,0.770774,0.670671,0.598019,0.486998,0.486998,0.486998,0.486998,0.271436
151,4.096,8,10,protocol,7.5,640,3061,4.78281,1654,1642,0.992745,0.979292,0.941267,0.818449,0.684787,0.61951,0.50362,0.50362,0.50362,0.50362,0.271806
152,4.096,8,10,protocol,7.5,640,2982,4.65937,1684,1606,0.953682,0.944575,0.914724,0.7969,0.668011,0.599277,0.491592,0.491592,0.491592,0.491592,0.271861
153,4.096,8,10,protocol,7.5,640,2881,4.50156,1680,1566,0.932143,0.923311,0.870919,0.753006,0.683998,0.581316,0.476356,0.476356,0.476356,0.476356,0.271872
154,4.096,8,10,protocol,7.5,640,2923,4.56719,1682,1623,0.964923,0.946599,0.847738,0.751028,0.709122,0.599836,0.484743,0.484743,0.484743,0.484743,0.271893
155,4.096,8,10,protocol,7.5,640,2853,4.45781,1646,1533,0.931349,0.907095,0.820063,0.727806,0.691134,0.616332,0.472195,0.472195,0.472195,0.472195,0.271948
156,4.096,8,10,protocol,7.5,640,2936,4.5875,1622,1495,0.921702,0.901612,0.826577,0.754368,0.709522,0.652155,0.493943,0.493943,0.493943,0.493943,0.271967
157,4.096,8,10,protocol,7.5,640,3069,4.79531,1612,1500,0.930521,0.910646,0.852974,0.791387,0.746352,0.680337,0.530235,0.530235,0.530235,0.530235,0.271974
158,4.096,8,10,protocol,7.5,640,3217,5.02656,1573,1498,0.95232,0.938092,0.888674,0.832557,0.787708,0.707967,0.554273,0.554273,0.554273,0.554273,0.271981
159,4.096,8,10,protocol,7.5,640,3287,5.13594,1584,1525,0.962753,0.94546,0.913056,0.847165,0.810404,0.729796,0.562361,0.562361,0.562361,0.562361,0.27199
160,4.096,8,10,protocol,7.5,640,3063,4.78594,1534,1461,0.952412,0.919948,0.845665,0.788214,0.759296,0.675265,0.517399,0.517399,0.517399,0.517399,0.272083
161,4.096,8,10,protocol,7.5,640,2930,4.57812,1539,1471,0.955815,0.915719,0.817522,0.750897,0.716381,0.640857,0.481591,0.481591,0.481591,0.481591,0.272189
162,4.096,8,10,protocol,7.5,640,2830,4.42188,1536,1456,0.947917,0.914327,0.821958,0.719004,0.686893,0.607818,0.460163,0.460163,0.460163,0.460163,0.272219
163,4.096,8,10,protocol,7.5,640,2618,4.09063,1550,1460,0.941935,0.905224,0.782427,0.664804,0.630236,0.549308,0.424105,0.424105,0.424105,0.424105,0.272227
164,4.096,8,10,protocol,7.5,640,2641,4.12656,1549,1487,0.959974,0.933257,0.831287,0.685262,0.623466,0.527356,0.424598,0.424598,0.424598,0.424598,0.272248
165,4.096,8,10,protocol,7.5,640,2678,4.18438,1506,1460,0.969456,0.947207,0.883828,0.725352,0.619621,0.527165,0.430962,0.430962,0.430962,0.430962,0.272323
166,4.096,8,10,protocol,7.5,640,2581,4.03281,1466,1380,0.941337,0.918321,0.877294,0.715752,0.578181,0.503315,0.416357,0.416357,0.416357,0.416357,0.272333
167,4.096,8,10,protocol,7.5,640,2656,4.15,1455,1416,0.973196,0.950499,0.904324,0.753689,0.592857,0.519765,0.427697,0.427697,0.427697,0.427697,0.272337
168,4.096,8,10,protocol,7.5,640,2557,3.99531,1379,1321,0.957941,0.921763,0.853471,0.719269,0.586602,0.501569,0.406842,0.406842,0.406842,0.406842,0.272341
169,4.096,8,10,protocol,7.5,640,2477,3.87031,1306,1252,0.958652,0.926495,0.8011,0.668376,0.59802,0.487887,0.389711,0.389711,0.389711,0.389711,0.272345
170,4.096,8,10,protocol,7.5,640,2416,3.775,1241,1205,0.970991,0.929795,0.778351,0.64461,0.59042,0.4869,0.381313,0.381313,0.381313,0.381313,0.272371
171,4.096,8,10,protocol,7.5,640,2226,3.47812,1136,1072,0.943662,0.8855,0.742,0.596783,0.543457,0.455215,0.35255,0.35255,0.35255,0.35255,0.272445
172,4.096,8,10,protocol,7.5,640,2082,3.25312,1078,995,0.923006,0.862281,0.685319,0.559828,0.501687,0.427867,0.327926,0.327926,0.327926,0.327926,0.272516
173,4.096,8,10,protocol,7.5,640,2039,3.18594,1008,970,0.962302,0.893035,0.695904,0.564195,0.4871,0.422503,0.315928,0.315928,0.315928,0.315928,0.272659
174,4.096,8,10,protocol,7.5,640,1876,2.93125,959,908,0.94682,0.876064,0.685422,0.526375,0.45183,0.390996,0.290492,0.290492,0.290492,0.290492,0.272672
175,4.096,8,10,protocol,7.5,640,1795,2.80469,910,876,0.962637,0.894531,0.679924,0.511979,0.441901,0.367828,0.273503,0.273503,0.273503,0.273503,0.272681
176,3.584,7,10,protocol,7.5,640,1733,2.70781,868,843,0.971198,0.915802,0.696264,0.513329,0.434772,0.352093,0.263214,0.263214,0.263214,0.263214,0.272763
177,4.096,8,10,protocol,7.5,640,1637,2.55781,898,845,0.94098,0.879928,0.699274,0.507125,0.415377,0.333945,0.243492,0.243492,0.243492,0.243492,0.272844
178,3.584,7,10,protocol,7.5,640,1666,2.60312,926,893,0.964363,0.920988,0.737821,0.536381,0.428498,0.336974,0.250753,0.250753,0.250753,0.250753,0.27289
179,4.096,8,10,protocol,7.5,640,1577,2.46406,914,885,0.968271,0.910191,0.707175,0.534576,0.419081,0.321574,0.238362,0.238362,0.238362,0.238362,0.272939
180,4.096,8,10,protocol,7.5,640,1552,2.425,902,886,0.982262,0.920185,0.711927,0.53721,0.424276,0.316993,0.235294,0.235294,0.235294,0.235294,0.272974
181,3.584,7,10,protocol,7.5,640,1495,2.33594,912,872,0.95614,0.896301,0.697295,0.522727,0.402423,0.316335,0.227757,0.227757,0.227757,0.227757,0.273166
182,4.096,8,10,protocol,7.5,640,1487,2.32344,928,883,0.951509,0.897078,0.710803,0.523592,0.412368,0.324885,0.22983,0.22983,0.22983,0.22983,0.273267
183,4.096,8,10,protocol,7.5,640,1566,2.44687,948,933,0.984177,0.957288,0.756522,0.555122,0.439888,0.35318,0.244649,0.244649,0.244649,0.244649,0.273416
184,2.56,5,10,protocol,7.5,640,1609,2.51406,960,939,0.978125,0.943614,0.772073,0.561802,0.457492,0.374709,0.256701,0.256701,0.256701,0.256701,0.273482
185,2.048,4,10,protocol,7.5,640,1610,2.51562,950,925,0.973684,0.940816,0.785366,0.553455,0.461715,0.383973,0.260013,0.260013,0.260013,0.260013,0.273484
186,2.048,4,10,protocol,7.5,640,1625,2.53906,936,918,0.980769,0.933557,0.803262,0.542752,0.472384,0.400049,0.264529,0.264529,0.264529,0.264529,0.273512
187,2.048,4,10,protocol,7.5,640,1638,2.55938,904,903,0.998894,0.944159,0.813307,0.549296,0.479649,0.411765,0.269275,0.269275,0.269275,0.269275,0.273494
188,2.048,4,10,protocol,7.5,640,1609,2.51406,874,865,0.989703,0.935625,0.8045,0.540296,0.47944,0.408376,0.267276,0.267276,0.267276,0.267276,0.273507
189,2.048,4,10,protocol,7.5,640,1584,2.475,858,836,0.974359,0.92409,0.796781,0.533333,0.473968,0.403053,0.268566,0.268566,0.268566,0.268566,0.27349
190,2.048,4,10,protocol,7.5,640,1517,2.37031,800,763,0.95375,0.893421,0.781959,0.516338,0.45392,0.378493,0.260117,0.260117,0.260117,0.260117,0.273476
191,2.048,4,10,protocol,7.5,640,1586,2.47812,768,760,0.989583,0.94,0.794589,0.546331,0.481189,0.396104,0.273731,0.273731,0.273731,0.273731,0.273484
192,2.048,4,10,protocol,7.5,640,1470,2.29688,732,698,0.953552,0.898363,0.737952,0.521647,0.44708,0.367684,0.257714,0.257714,0.257714,0.257714,0.273529
193,2.048,4,10,protocol,7.5,640,1500,2.34375,718,706,0.983287,0.935028,0.75,0.537249,0.454821,0.372763,0.260146,0.260146,0.260146,0.260146,0.273533
194,2.048,4,10,protocol,7.5,640,1321,2.06406,700,651,0.93,0.854042,0.637548,0.477585,0.396935,0.327954,0.22954,0.22954,0.22954,0.22954,0.273525
195,2.048,4,10,protocol,7.5,640,1291,2.01719,690,649,0.94058,0.891026,0.637846,0.477617,0.385603,0.319396,0.226015,0.226015,0.226015,0.226015,0.273541
196,2.048,4,10,protocol,7.5,640,1230,1.92188,686,637,0.928571,0.873134,0.624683,0.451874,0.367384,0.301915,0.218589,0.218589,0.218589,0.218589,0.273541
197,4.608,9,10,protocol,7.5,640,1219,1.90469,688,654,0.950581,0.897479,0.619411,0.449153,0.365189,0.29317,0.217213,0.217213,0.217213,0.217213,0.273563
198,4.096,8,10,protocol,7.5,640,1205,1.88281,668,637,0.953593,0.905085,0.629243,0.453008,0.356826,0.288278,0.214413,0.214413,0.214413,0.214413,0.273572
199,4.096,8,10,protocol,7.5,640,1216,1.9,664,635,0.956325,0.905741,0.633663,0.470588,0.362336,0.288015,0.219178,0.219178,0.219178,0.219178,0.273583
200,4.096,8,10,protocol,7.5,640,1226,1.91562,606,594,0.980198,0.910745,0.640543,0.483438,0.364231,0.286583,0.222263,0.222263,0.222263,0.222263,0.273523
201,2.56,5,10,protocol,7.5,640,1255,1.96094,582,568,0.975945,0.911223,0.65501,0.502804,0.382156,0.294739,0.226493,0.226493,0.226493,0.226493,0.273456
202,2.048,4,10,protocol,7.5,640,1250,1.95312,542,526,0.97048,0.903624,0.654108,0.502412,0.394571,0.295928,0.225225,0.225225,0.225225,0.225225,0.273396
203,2.048,4,10,protocol,7.5,640,1226,1.91562,530,519,0.979245,0.90625,0.643232,0.486701,0.398311,0.290384,0.22178,0.22178,0.22178,0.22178,0.273317
204,2.048,4,10,protocol,7.5,640,1211,1.89219,496,476,0.959677,0.906574,0.639388,0.473417,0.400728,0.293362,0.219942,0.219942,0.219942,0.219942,0.273218
205,2.048,4,10,protocol,7.5,640,1235,1.92969,462,442,0.95671,0.924915,0.663622,0.488722,0.405716,0.305996,0.224791,0.224791,0.224791,0.224791,0.273157
206,2.048,4,10,protocol,7.5,640,1212,1.89375,460,448,0.973913,0.897942,0.66302,0.493888,0.39582,0.305906,0.226119,0.226119,0.226119,0.226119,0.273082
207,2.048,4,10,protocol,7.5,640,1245,1.94531,492,471,0.957317,0.917369,0.669355,0.535714,0.406332,0.318577,0.236557,0.236557,0.236557,0.236557,0.272979
208,2.048,4,10,protocol,7.5,640,1254,1.95938,512,502,0.980469,0.931741,0.669872,0.55,0.420664,0.321538,0.242178,0.242178,0.242178,0.242178,0.272876
209,2.048,4,10,protocol,7.5,640,1251,1.95469,500,474,0.948,0.905594,0.661205,0.547244,0.436497,0.321099,0.243196,0.243196,0.243196,0.243196,0.272776
210,2.048,4,10,protocol,7.5,640,1233,1.92656,494,478,0.967611,0.904085,0.668293,0.536087,0.43879,0.316641,0.24007,0.24007,0.24007,0.24007,0.272676
211,2.048,4,10,protocol,7.5,640,1327,2.07344,490,473,0.965306,0.94788,0.721196,0.576957,0.477682,0.348294,0.258473,0.258473,0.258473,0.258473,0.272581
212,2.048,4,10,protocol,7.5,640,1358,2.12188,526,508,0.965779,0.93913,0.746975,0.591463,0.48639,0.363102,0.264048,0.264048,0.264048,0.264048,0.272508
213,2.048,4,10,protocol,7.5,640,1302,2.03437,550,523,0.950909,0.930458,0.729821,0.564125,0.467001,0.349249,0.255344,0.255344,0.255344,0.255344,0.272446
214,2.048,4,10,protocol,7.5,640,1336,2.0875,574,547,0.952962,0.932823,0.754376,0.575862,0.484409,0.357985,0.265079,0.265079,0.265079,0.265079,0.272356
215,2.048,4,10,protocol,7.5,640,1358,2.12188,578,560,0.968858,0.942808,0.779564,0.582583,0.494538,0.36117,0.269873,0.269873,0.269873,0.269873,0.272281
216,2.048,4,10,protocol,7.5,640,1356,2.11875,560,547,0.976786,0.952673,0.802367,0.590592,0.49634,0.356654,0.269797,0.269797,0.269797,0.269797,0.272208
217,2.048,4,10,protocol,7.5,640,1374,2.14688,560,550,0.982143,0.96,0.828709,0.60689,0.510022,0.360063,0.271864,0.271864,0.271864,0.271864,0.272117
218,2.048,4,10,protocol,7.5,640,1352,2.1125,560,551,0.983929,0.942211,0.82439,0.609009,0.492353,0.353556,0.26986,0.26986,0.26986,0.26986,0.272024
219,2.048,4,10,protocol,7.5,640,1343,2.09844,560,548,0.978571,0.950847,0.820905,0.619465,0.485363,0.347927,0.2686,0.2686,0.2686,0.2686,0.271932
220,2.048,4,10,protocol,7.5,640,1318,2.05938,542,526,0.97048,0.933222,0.805623,0.629417,0.4765,0.343946,0.263074,0.263074,0.263074,0.263074,0.271842
221,2.048,4,10,protocol,7.5,640,1320,2.0625,528,515,0.975379,0.9475,0.814815,0.640155,0.47482,0.349576,0.264476,0.264476,0.264476,0.264476,0.271754
222,2.048,4,10,protocol,7.5,640,1318,2.05938,534,519,0.97191,0.94898,0.816605,0.628817,0.486347,0.353541,0.266532,0.266532,0.266532,0.266532,0.271672
223,2.048,4,10,protocol,7.5,640,1364,2.13125,536,525,0.979478,0.960218,0.8525,0.639175,0.510288,0.363927,0.275,0.275,0.275,0.275,0.271625
224,2.048,4,10,protocol,7.5,640,1379,2.15469,532,519,0.975564,0.955316,0.846012,0.641395,0.520377,0.372904,0.278811,0.278811,0.278811,0.278811,0.271559
225,2.048,4,10,protocol,7.5,640,1391,2.17344,536,521,0.972015,0.946375,0.847138,0.641014,0.534794,0.377989,0.281465,0.281465,0.281465,0.281465,0.271476
226,2.048,4,10,protocol,7.5,640,1422,2.22187,574,570,0.993031,0.975976,0.849462,0.653493,0.539045,0.389376,0.288907,0.288907,0.288907,0.288907,0.271426
227,2.048,4,10,protocol,7.5,640,1417,2.21406,571,551,0.964974,0.957958,0.853614,0.654201,0.533509,0.388326,0.28883,0.28883,0.28883,0.28883,0.271363
228,2.048,4,10,protocol,7.5,640,1408,2.2,592,577,0.974662,0.950444,0.845138,0.653668,0.533333,0.392201,0.286179,0.286179,0.286179,0.286179,0.271278
229,2.048,4,10,protocol,7.5,640,1425,2.22656,628,612,0.974522,0.957934,0.858434,0.658199,0.543893,0.397822,0.290935,0.290935,0.290935,0.290935,0.271194
230,2.048,4,10,protocol,7.5,640,1435,2.24219,644,631,0.979814,0.958709,0.864458,0.653461,0.548967,0.392077,0.291904,0.291904,0.291904,0.291904,0.271112
231,2.048,4,10,protocol,7.5,640,1386,2.16562,674,661,0.980712,0.955047,0.827957,0.627717,0.532667,0.373585,0.283726,0.283726,0.283726,0.283726,0.27103
232,2.048,4,10,protocol,7.5,640,1359,2.12344,694,686,0.988473,0.968033,0.811828,0.609964,0.523095,0.367695,0.277574,0.277574,0.277574,0.277574,0.270951
233,2.048,4,10,protocol,7.5,640,1322,2.06562,734,724,0.986376,0.967742,0.781324,0.590706,0.50228,0.363287,0.267395,0.267395,0.267395,0.267395,0.27089
234,2.048,4,10,protocol,7.5,640,1330,2.07812,714,701,0.981793,0.968254,0.790725,0.59856,0.500376,0.369444,0.269122,0.269122,0.269122,0.269122,0.270838
235,2.048,4,10,protocol,7.5,640,1320,2.0625,672,649,0.965774,0.953968,0.794702,0.596745,0.495124,0.373514,0.269278,0.269278,0.269278,0.269278,0.270764
236,2.048,4,10,protocol,7.5,640,1291,2.01719,620,604,0.974194,0.941548,0.800868,0.586818,0.482797,0.371404,0.263094,0.263094,0.263094,0.263094,0.270703
237,2.048,4,10,protocol,7.5,640,1284,2.00625,586,571,0.974403,0.940852,0.797516,0.584699,0.482344,0.371313,0.26507,0.26507,0.26507,0.26507,0.270644
238,2.048,4,10,protocol,7.5,640,1330,2.07812,636,627,0.985849,0.968954,0.841772,0.610092,0.498501,0.384393,0.277546,0.277546,0.277546,0.277546,0.270571
239,2.048,4,10,protocol,7.5,640,1266,1.97812,642,628,0.978193,0.949138,0.811538,0.587744,0.475225,0.365896,0.263256,0.263256,0.263256,0.263256,0.270494
240,2.048,4,10,protocol,7.5,640,1254,1.95938,648,636,0.981481,0.95474,0.816406,0.588732,0.46791,0.362218,0.264223,0.264223,0.264223,0.264223,0.270417
241,2.048,4,10,protocol,7.5,640,1185,1.85156,640,602,0.940625,0.925,0.796371,0.556861,0.442164,0.343877,0.247081,0.247081,0.247081,0.247081,0.270342
242,2.048,4,10,protocol,7.5,640,1212,1.89375,662,633,0.956193,0.941379,0.852321,0.566885,0.450558,0.352326,0.25062,0.25062,0.25062,0.25062,0.270269
243,2.048,4,10,protocol,7.5,640,1211,1.89219,674,664,0.985163,0.94569,0.877536,0.568011,0.450856,0.349394,0.250103,0.250103,0.250103,0.250103,0.270201
244,2.048,4,10,protocol,7.5,640,1230,1.92188,640,637,0.995313,0.963793,0.891304,0.584601,0.458613,0.356418,0.253399,0.253399,0.253399,0.253399,0.270169
245,2.048,4,10,protocol,7.5,640,1230,1.92188,602,589,0.978405,0.966964,0.882353,0.614386,0.458955,0.357143,0.253504,0.253504,0.253504,0.253504,0.270118
246,2.048,4,10,protocol,7.5,640,1217,1.90156,600,587,0.978333,0.958781,0.869286,0.604871,0.452416,0.351531,0.251967,0.251967,0.251967,0.251967,0.270049
247,2.048,4,10,protocol,7.5,640,1162,1.81563,600,593,0.988333,0.960674,0.824113,0.582748,0.435859,0.336422,0.241983,0.241983,0.241983,0.241983,0.270003
248,2.048,4,10,protocol,7.5,640,1105,1.72656,596,582,0.97651,0.959804,0.792683,0.551948,0.430631,0.318995,0.2304,0.2304,0.2304,0.2304,0.269948
249,2.048,4,10,protocol,7.5,640,1083,1.69219,560,553,0.9875,0.959804,0.783647,0.553115,0.421073,0.312104,0.226664,0.226664,0.226664,0.226664,0.269878
250,2.048,4,10,protocol,7.5,640,1087,1.69844,534,529,0.990637,0.960784,0.801622,0.560888,0.419367,0.321407,0.228457,0.228457,0.228457,0.228457,0.26981
251,2.048,4,10,protocol,7.5,640,1103,1.72344,493,492,0.997972,0.968442,0.839422,0.580526,0.428849,0.33163,0.236899,0.236899,0.236899,0.236899,0.26974
252,2.048,4,10,protocol,7.5,640,1080,1.6875,446,433,0.970852,0.951745,0.805369,0.5625,0.421217,0.326481,0.234273,0.234273,0.234273,0.234273,0.269671
253,2.048,4,10,protocol,7.5,640,1066,1.66562,438,432,0.986301,0.946894,0.783824,0.560463,0.423688,0.324012,0.235841,0.235841,0.235841,0.235841,0.269606
254,2.048,4,10,protocol,7.5,640,1073,1.67656,420,408,0.971429,0.950802,0.804348,0.570745,0.42715,0.326935,0.24309,0.24309,0.24309,0.24309,0.269557
255,2.048,4,10,protocol,7.5,640,1032,1.6125,420,407,0.969048,0.946237,0.807512,0.54661,0.409849,0.313678,0.234545,0.234545,0.234545,0.234545,0.269517
256,2.048,4,10,protocol,7.5,640,1016,1.5875,420,410,0.97619,0.950324,0.790047,0.534737,0.409018,0.311656,0.231858,0.231858,0.231858,0.231858,0.269454
257,2.048,4,10,protocol,7.5,640,1046,1.63437,420,414,0.985714,0.975,0.858785,0.558164,0.422456,0.323839,0.237944,0.237944,0.237944,0.237944,0.2694
258,2.048,4,10,protocol,7.5,640,1051,1.64219,452,444,0.982301,0.965481,0.865733,0.565054,0.426542,0.323983,0.238322,0.238322,0.238322,0.238322,0.269345
259,2.048,4,10,protocol,7.5,640,1034,1.61563,460,444,0.965217,0.940329,0.861667,0.570011,0.423423,0.322923,0.232778,0.232778,0.232778,0.232778,0.269293
260,2.048,4,10,protocol,7.5,640,1042,1.62813,462,456,0.987013,0.942771,0.861157,0.594071,0.433805,0.325625,0.23479,0.23479,0.23479,0.23479,0.269228
261,2.048,4,10,protocol,7.5,640,1064,1.6625,480,471,0.98125,0.967708,0.872131,0.616454,0.448567,0.333125,0.242259,0.242259,0.242259,0.242259,0.269164
262,2.048,4,10,protocol,7.5,640,1041,1.62656,484,482,0.995868,0.971875,0.853279,0.605233,0.445634,0.327771,0.237671,0.237671,0.237671,0.237671,0.2691
263,2.048,4,10,protocol,7.5,640,1027,1.60469,480,475,0.989583,0.963542,0.841803,0.597093,0.444012,0.32255,0.234475,0.234475,0.234475,0.234475,0.269039
264,2.048,4,10,protocol,7.5,640,1038,1.62187,480,477,0.99375,0.96875,0.85082,0.603488,0.451304,0.328273,0.235909,0.235909,0.235909,0.235909,0.268982
265,2.048,4,10,protocol,7.5,640,1035,1.61719,480,479,0.997917,0.964583,0.871212,0.601744,0.451965,0.33237,0.235548,0.235548,0.235548,0.235548,0.268957
266,2.048,4,10,protocol,7.5,640,1050,1.64062,480,474,0.9875,0.966667,0.889831,0.614035,0.460526,0.34202,0.239726,0.239726,0.239726,0.239726,0.268915
267,2.048,4,10,protocol,7.5,640,1030,1.60938,495,487,0.983838,0.958333,0.872881,0.605882,0.448216,0.339039,0.23516,0.23516,0.23516,0.23516,0.268857
268,2.048,4,10,protocol,7.5,640,1033,1.61406,516,499,0.967054,0.947314,0.875424,0.611243,0.44913,0.342053,0.236927,0.236927,0.236927,0.236927,0.268809
269,2.048,4,10,protocol,7.5,640,1041,1.62656,500,495,0.99,0.956122,0.882203,0.612353,0.449094,0.344702,0.240972,0.240972,0.240972,0.240972,0.268771
270,2.048,4,10,protocol,7.5,640,1063,1.66094,500,497,0.994,0.973469,0.900847,0.625294,0.45819,0.354806,0.248364,0.248364,0.248364,0.248364,0.26871
271,2.048,4,10,protocol,7.5,640,1031,1.61094,500,497,0.994,0.957732,0.873729,0.606471,0.440975,0.346438,0.242189,0.242189,0.242189,0.242189,0.26865
272,2.048,4,10,protocol,7.5,640,1040,1.625,500,494,0.988,0.964583,0.881356,0.611765,0.444444,0.349933,0.245225,0.245225,0.245225,0.245225,0.268592
273,2.048,4,10,protocol,7.5,640,1031,1.61094,486,471,0.969136,0.954167,0.873729,0.601517,0.442489,0.345973,0.241848,0.241848,0.241848,0.241848,0.268533
274,2.048,4,10,protocol,7.5,640,1033,1.61406,476,476,1,0.966667,0.875424,0.600581,0.441453,0.345254,0.24113,0.24113,0.24113,0.24113,0.268479
275,2.048,4,10,protocol,7.5,640,1034,1.61563,460,453,0.984783,0.966667,0.876271,0.613286,0.44188,0.340804,0.240409,0.240409,0.240409,0.240409,0.268439
276,2.048,4,10,protocol,7.5,640,1032,1.6125,460,454,0.986957,0.967708,0.874576,0.614286,0.441026,0.337255,0.242595,0.242595,0.242595,0.242595,0.268406
277,2.048,4,10,protocol,7.5,640,1036,1.61875,448,442,0.986607,0.967505,0.878711,0.613744,0.440476,0.3379,0.243307,0.243307,0.243307,0.243307,0.268353
278,2.048,4,10,protocol,7.5,640,1013,1.58281,440,435,0.988636,0.957082,0.844167,0.595882,0.426347,0.327196,0.237793,0.237793,0.237793,0.237793,0.268303
279,2.048,4,10,protocol,7.5,640,1007,1.57344,440,435,0.988636,0.967391,0.839167,0.592353,0.417842,0.322653,0.236385,0.236385,0.236385,0.236385,0.26826
280,2.048,4,10,protocol,7.5,640,989,1.54531,440,429,0.975,0.95,0.831092,0.572338,0.415546,0.314968,0.233255,0.233255,0.233255,0.233255,0.268213
281,2.048,4,10,protocol,7.5,640,1000,1.5625,440,438,0.995455,0.96413,0.853242,0.574713,0.413907,0.318471,0.23663,0.23663,0.23663,0.23663,0.268157
282,2.048,4,10,protocol,7.5,640,997,1.55781,440,423,0.961364,0.946739,0.859483,0.570366,0.411643,0.317516,0.236256,0.236256,0.236256,0.236256,0.268102
283,2.048,4,10,protocol,7.5,640,1010,1.57812,440,435,0.988636,0.957516,0.87069,0.577143,0.410569,0.321656,0.239336,0.239336,0.239336,0.239336,0.26805
284,2.048,4,10,protocol,7.5,640,1021,1.59531,420,416,0.990476,0.967105,0.877148,0.583429,0.41004,0.325159,0.241943,0.241943,0.241943,0.241943,0.267997
285,2.048,4,10,protocol,7.5,640,1008,1.575,420,408,0.971429,0.951087,0.845638,0.57931,0.4032,0.321019,0.238073,0.238073,0.238073,0.238073,0.267952
286,2.048,4,10,protocol,7.5,640,997,1.55781,420,415,0.988095,0.95,0.825331,0.567122,0.399759,0.317516,0.23338,0.23338,0.23338,0.23338,0.267937
287,2.048,4,10,protocol,7.5,640,999,1.56094,420,415,0.988095,0.96087,0.818852,0.567614,0.402174,0.318153,0.232434,0.232434,0.232434,0.232434,0.267905
288,2.048,4,10,protocol,7.5,640,1006,1.57187,430,427,0.993023,0.965066,0.82459,0.565804,0.409609,0.320791,0.233953,0.233953,0.233953,0.233953,0.267854
289,2.048,4,10,protocol,7.5,640,986,1.54062,440,431,0.979545,0.941886,0.800325,0.553933,0.404098,0.316026,0.22877,0.22877,0.22877,0.22877,0.26781
290,2.048,4,10,protocol,7.5,640,990,1.54688,440,431,0.979545,0.947826,0.811475,0.561224,0.405738,0.317308,0.227901,0.227901,0.227901,0.227901,0.267773
291,2.048,4,10,protocol,7.5,640,1010,1.57812,440,434,0.986364,0.966304,0.827869,0.573864,0.413934,0.321656,0.231864,0.231864,0.231864,0.231864,0.267721
292,2.048,4,10,protocol,7.5,640,996,1.55625,458,450,0.982533,0.947826,0.816393,0.565909,0.408197,0.317197,0.229599,0.229599,0.229599,0.229599,0.26767
293,2.048,4,10,protocol,7.5,640,1022,1.59688,460,454,0.986957,0.963043,0.837705,0.584,0.418852,0.323623,0.236574,0.236574,0.236574,0.236574,0.267619
294,2.048,4,10,protocol,7.5,640,1003,1.56719,460,458,0.995652,0.955435,0.822131,0.576437,0.411066,0.317405,0.232176,0.232176,0.232176,0.232176,0.26757
295,2.048,4,10,protocol,7.5,640,1026,1.60312,460,452,0.982609,0.968478,0.840984,0.589655,0.420147,0.324684,0.2375,0.2375,0.2375,0.2375,0.267522
296,2.048,4,10,protocol,7.5,640,1017,1.58906,460,456,0.991304,0.958696,0.833607,0.584483,0.413415,0.321835,0.235417,0.235417,0.235417,0.235417,0.267487
297,2.048,4,10,protocol,7.5,640,1012,1.58125,460,451,0.980435,0.95406,0.829508,0.581609,0.411382,0.320253,0.234259,0.234259,0.234259,0.234259,0.267459
298,2.048,4,10,protocol,7.5,640,1009,1.57656,460,456,0.991304,0.960638,0.827049,0.577892,0.410163,0.319304,0.233565,0.233565,0.233565,0.233565,0.267412
299,2.048,4,10,protocol,7.5,640,1024,1.6,460,455,0.98913,0.962766,0.839344,0.581818,0.41626,0.324051,0.237037,0.237037,0.237037,0.237037,0.267371
300,2.048,4,10,protocol,7.5,640,1025,1.60156,460,456,0.991304,0.964894,0.840164,0.582386,0.416667,0.324367,0.237269,0.237269,0.237269,0.237269,0.267329
